headword,CEFR
abandoned,B2
abnormal,B1
abnormally,B2
aboard,B1
aboriginal,B2
aborigine,B1
abruptly,B2
absentee,B2
abundant,B1
accessibility,B2
accessory,B1
accidental,B1
accustom,B1
ache,B1
ache,B2
achievable,B2
acquaintance,B1
actively,B2
adaptable,B2
addict,B2
addicted,B2
addressee,B1
adjective,A2
admirable,B2
admiration,B1
admiringly,B2
admittedly,B2
adopted,B2
adorable,B1
adore,B2
adorn,B2
advancement,B2
advent,B2
adventurous,B2
adverb,B1
adverbial,B1
adversely,B2
adversity,B2
advert,B1
aerobics,B1
affectionate,B2
affectionately,B2
afterward,B1
ageless,B2
aggressively,B2
agony,B2
air conditioning,B1
air force,B1
aircrew,B2
aisle,A2
alarm clock,A2
alcoholism,B2
allergic,B1
aloud,B1
alphabet,B1
alphabetical,B2
alright,A2
alright,A2
altar,B2
alternate,B2
alternatively,B2
altitude,B2
am,A1
amaze,B2
amazement,B2
amazingly,B2
ambiguity,B2
ambiguous,B2
ammonia,B2
amongst,B2
ample,B2
amplifier,B2
amplify,B2
amuse,B2
amused,A2
amusement,A2
an,A1
anchorage,B2
anchorman,B2
anchorperson,B2
angrily,A2
anguish,B2
animate,B2
animated,B1
annoyance,B1
ant,B1
anti,B1
antiaircraft,B2
antibacterial,B2
anticancer,B2
anticipation,B2
antipollution,B2
antique,B2
antique,B1
antistatic,B2
antivirus,B2
antonym,B1
anxiously,B1
anyhow,B1
anymore,A2
ape,B1
apostrophe,B2
applause,B1
appreciative,B2
approximate,B2
apron,A1
arch,B2
arctic,B2
are,A1
aristocracy,B2
arithmetic,B1
armchair,A2
armful,B2
arouse,B2
arrogant,B2
artery,B2
artificially,B2
artistry,B2
aspirin,B1
astonish,B2
astonished,B2
astonishment,B2
astronaut,A2
astronomer,B1
astronomy,B2
athletic,B1
athletics,B2
Atlantic,B1
atom,A2
atomic,B1
attached,B2
attainable,B2
attainment,B2
attentive,B2
attentively,B2
attractiveness,B2
atypical,B2
aubergine,B2
audition,B2
authoritative,B2
auxiliary,B1
avenue,B1
awake,A1
awe,B2
awesome,B1
axis,B2
babysit,B1
babysitter,B1
backache,B1
backpack,B1
backpacker,B1
backpacking,B1
backyard,B2
bacon,B1
badminton,A2
bad-tempered,B2
baggage,B1
baker,B1
bakery,B1
balcony,A2
bald,B1
balky,B2
ballad,B2
bandage,B1
bang,B1
bang,B1
bank account,B1
banker,B2
banking,A2
bankrupt,B2
bankruptcy,B2
barbecue,A2
barbecue,B1
barber,A2
barbershop,B2
bark,B1
bark,B2
barley,B2
barman,B1
barn,B2
barometer,B2
barren,B2
bartender,B2
basin,B1
batch,A2
bathe,B1
bathhouse,B2
beagle,B2
beak,B2
beard,B1
bearing,B2
beautifully,B1
beautify,B2
beaver,B1
because of,B1
bedside,B1
been,A2
beginner,A2
bellow,B2
belly,A2
belongings,B2
benevolence,B2
benevolent,B2
berry,B2
bestow,B2
bestseller,B2
bewilder,B2
bewilderment,B2
bidding,B2
bikini,B2
bilingual,B1
bio,B2
biochemistry,B1
biotechnology,B2
birdcage,B2
birthplace,B2
bitterly,B2
blackboard,A2
blaze,B2
blaze,B2
blindly,B2
blindness,B2
blink,B2
blogger,B1
bloodstream,B2
bloody,B2
bloody,B2
bloom,A2
blooming,B2
blossom,B2
blur,B2
blurt,B2
blush,B1
blush,B2
board game,A2
boiled,A2
boiling,B2
boldly,B1
bolt,B2
bolt,B2
bombard,B2
bomber,B2
bony,B2
bookcase,A2
bookish,B2
booklet,B2
bookmark,B2
bookmark,B2
bookshelf,A2
bookshop,A2
bookstore,A1
booth,B2
bore,B1
boredom,B1
bossy,B2
botany,B2
bothered,B2
bothersome,B2
bourbon,B2
boxer,B2
boxing,B1
bra,A2
bracelet,B1
bracket,B2
brag,B2
brainstorm,A2
brainstorming,B1
brake,A2
brake,B2
brand-new,B1
brass,B1
bravely,B1
bravery,B2
breakable,B2
breakup,B2
breathless,B1
breathtaking,B2
breeding,B1
breeze,A2
breezy,B2
brewery,B2
brightly,B1
brilliantly,B2
broaden,B2
broccoli,B1
brochure,B2
bronze,B1
brotherhood,B1
brother-in-law,B2
browse,B2
bruise,B2
bucket,A1
bud,B2
builder,B1
bulb,A2
bulimia,B2
bull,B1
bulletin,B1
bully,B2
bum,B2
bump,B1
bumper,B2
bun,B2
burdensome,B2
bureau,B1
burger,A1
burglar,B1
burglary,B2
burgle,B2
burning,B1
bus station,A2
bus stop,A2
businesswoman,A2
bust,B1
bustle,B2
bustling,B2
butcher,B1
butcher,B2
butterfly,A1
buyer,B1
buzz,B2
buzz,B2
cab,A2
cabbage,B1
cafeteria,A2
cage,B1
calculator,B1
calendar,A2
calf,B1
caller,B1
calmly,B2
calmness,B1
camel,B1
campsite,B1
candy,A1
cane,B2
canned,B1
cannonball,B2
canon,B2
canteen,B1
capital letter,A2
capsule,B1
caption,B2
captive,B2
car park,A2
caravan,B2
carbon dioxide,B2
carbon footprint,B2
carbon monoxide,B2
cardboard,B2
cardigan,B2
carefree,B2
carelessly,B1
carelessness,B1
caring,B2
carnival,B2
carpool,B2
carton,B1
cascade,B2
cashpoint,B1
cassette,A2
casually,B2
catalyst,B2
catastrophe,B2
catastrophic,B2
catchy,B2
catering,B2
cathedral,B2
CD player,A1
CD-ROM,B1
cellar,B2
cellist,B2
cello,B2
centigrade,B2
central heating,B1
cereal,A2
certification,B2
certify,B2
champagne,A2
chancellor,B2
chaotic,B2
chariot,B1
chat show,B1
checkout,B1
checkpoint,B2
cheeky,B2
cheerfully,B2
cheerfulness,B2
chemist,B1
chemotherapy,B2
cheque,A2
cherish,B1
cherished,B2
cherry,B2
chess,A2
chest of drawers,B1
chew,B2
chewing gum,B1
childish,B2
chimney,B2
chimpanzee,A2
chin,A2
chirp,A2
choke,B1
Christian,B1
chronological,B1
chuckle,B1
circuitry,B2
circular,B1
circus,B1
citywide,B2
clam,B2
clap,B2
classical music,A2
classmate,A1
cleaner,A2
clearness,B2
clerical,B2
climate change,B2
climber,B1
climbing,A2
clog,B2
clone,A2
cloudy,A1
clown,A2
clumsy,B2
coaching,B2
coarse,B2
coastline,B2
cocoa,B2
coconut,B2
cod,B1
coffin,B1
coherence,B2
coherent,B2
coke,A1
cola,A2
collar,B1
collocation,B2
colon,B2
coma,B2
comb,A2
comb,B2
comedian,B1
comet,B1
comfortably,B2
comma,B1
commemorate,B2
common sense,B1
commonwealth,B2
communicative,B2
commute,B2
compassionate,B2
compatible,B2
complexion,B2
complicate,B1
compliment,B1
comprehension,B2
compress,B2
compression,B2
conceit,B2
conceivable,B2
concerning,B2
conductor,B2
cone,B2
conferencing,B2
confidently,B2
conjunction,B2
conquest,B2
considering,B2
considering,B2
consolation,B2
console,B2
consonant,B1
contaminate,B2
continual,B1
continuously,B1
contradict,B2
contradictory,B2
conveniently,B2
converse,B2
conversely,B2
cookie,A1
cooler,A2
cooperation,B2
coral,B2
corn,A1
cornerstone,B2
cornet,B2
corona,B2
corporal,B2
correctness,B2
couch,A1
cough,B2
cough,B1
countryman,B2
countrywide,B2
courageous,B1
courgette,B1
coward,B2
cowardly,B2
crab,B2
craftsman,B2
crater,B2
crease,B2
creatively,B2
credit card,A1
creek,B2
creepy,B2
cricket,A2
cripple,B2
crisp,A2
crocodile,B2
crossing,B1
crossly,B2
crossroads,B1
crow,B1
cruelly,B2
cruelty,B2
cube,B2
cubism,B2
cucumber,B1
cuff,B2
culmination,B2
culturally,B2
curiously,B1
curl,B2
curry,A2
curse,A2
cursor,B2
cushion,B1
customs,B1
CV,B1
cyberaddict,B2
cybercrime,B2
cyberpet,B2
cyberschool,B2
cyberspace,B2
cycling,A2
cyclist,B2
daddy,A1
daft,B2
daisy,B1
damaged,B1
damn,B2
damn,B2
damn,B2
damp,B1
dandelion,B2
dangerously,B1
darling,B2
darling,B2
dash,B2
dash,B2
dated,B2
dating,B1
daughter-in-law,B2
daylight,A2
daytime,B2
daze,B1
dazzle,B1
de facto,B2
deaf,B1
dearly,B2
debit,B2
debit,B2
debit card,B2
decay,B2
deceive,B2
deceptive,B2
decomposition,B2
decorative,B2
dedicate,B1
deduce,B2
deduction,B2
deer,B2
definite article,B1
deforestation,B2
delicacy,B2
delicately,B2
delightful,B1
demanding,B2
demolish,B2
denim,B2
densely,B2
dental,B2
department store,A2
dependable,B2
descriptive,B2
desolation,B2
despair,B1
desperation,B2
despise,B2
dessert,A2
destiny,B2
detach,B2
detachment,B2
determiner,B2
devastating,B1
developed,A2
developing,B2
devoted,B2
devotion,B1
dial,B1
dial,B1
diameter,B1
diaper,B1
did,A1
digest,B2
digital camera,A2
dignify,B2
diligence,B1
diligent,B1
dim,B2
dime,B2
dining room,A1
dinosaur,A2
dioxide,B1
diphtheria,B2
diploma,B2
disable,B1
disappearance,B2
disapproval,B2
disapprove,B2
disciple,B2
disco,A2
discomfort,B1
disconnect,B2
discredit,B2
discriminate,B2
disgrace,B2
disguise,B2
disguise,B2
disgusting,B1
dishonesty,B2
dishwasher,B1
disillusion,B2
disorderly,B2
dispensable,B2
displeasure,B2
disposition,B2
disqualify,B2
disregard,B2
dissatisfaction,B2
dissatisfied,B2
dissident,B2
distinctly,B1
distinguished,B2
distortion,B2
distraction,B2
distressing,B2
distributor,B2
disturbance,B1
diver,B1
diversion,B2
divided,B2
diving,B1
dizzy,A2
DJ,B1
DNA,B2
doc,B1
dock,B2
does,A1
doing,A1
doll,A1
dolphin,B1
done,A2
donkey,B2
doom,B2
doorkeeper,B2
doorway,B2
dorm,B2
dormitory,B2
doubly,B2
doubtful,B2
dove,B2
downfall,B2
downsize,B2
downward,B1
dowry,B2
doze,B1
drapery,B2
drawer,A2
dread,B2
dreadful,B2
dreamy,B2
drill,A2
drinkable,B2
droop,B2
dropout,B2
drugstore,A2
duck,A2
dude,B1
duel,B2
duplicate,B2
duplication,B2
dustbin,B1
dusty,B1
duty-free,B1
duvet,B1
dwarf,B2
dye,B2
dynasty,B1
each other,A1
eagerly,B2
eagerness,B1
eagle,B2
earache,B1
earnest,B1
earring,A2
eastward,B2
eco,B1
ecologically,B2
ecologist,B2
ecology,B1
economical,B2
ecosystem,B1
ecstasy,B1
ecstatic,B2
elective,B2
electrician,B2
electron,B1
electronically,B2
elegance,B2
elegantly,B2
elemental,B2
elevator,A2
eloquence,B2
eloquent,B2
embarrass,B1
emperor,B1
emphatically,B2
enclose,B1
endanger,B1
endangered,A2
endlessly,B2
endurance,B2
enduring,B2
energetic,A2
Englishman,B1
engulf,B2
enjoyment,B1
entertainer,B1
enthusiastically,B2
environmentalist,B1
environmentally,B2
environmentally friendly,B2
envy,A2
envy,B2
equity,B2
eruption,B2
escalator,A2
essayist,B2
estimated,B2
eternally,B2
eternity,B1
evacuation,B2
evenly,B1
everlasting,B2
evidently,B2
exactness,B2
exaggeration,B2
exalt,B2
examinee,B2
examiner,B1
excel,B2
exceptionally,B2
exchange rate,B1
excitedly,B1
exclaim,B2
exclamation mark,B2
excursion,B2
exhaust,B2
exhausted,B1
exhausting,B2
exhaustion,B2
existing,B2
explorer,B2
expressive,B2
exquisite,B2
extinct,B1
extinction,B1
extraordinarily,B2
extreme sports,B1
exultant,B2
eyebrow,B2
eyelash,B2
eyelid,B2
eyesight,B1
face to face,B1
face-to-face,B1
facilities,B2
faint,B1
faint,B2
fairy,A1
faithful,B1
fallen,B1
falter,B2
fantastically,B2
faraway,B1
farewell,B1
farmland,B1
farther,B1
farthest,B1
fascinate,B1
fascinated,B2
fascination,B2
fast food,A2
father-in-law,B2
faulty,B2
fax,B1
fax,B1
fearsome,B2
feast,B1
fed up,B2
ferry,B1
ferryboat,B2
festive,B1
fetch,B1
feverishly,B1
fictional,B2
fighter,A2
figurative,B2
filial,B2
filling,B1
financially,B2
finely,B2
fingernail,B2
fire brigade,B2
fire station,B1
fireplace,B2
firmness,B2
first floor,B1
first lady,B1
first language,B2
first name,A2
first person,B2
first-floor,B1
fiscal,B2
fisherman,A2
flap,B2
flawless,B2
flax,B2
flea,A2
flexibly,B2
flip,B2
flock,B1
fluency,B2
fluent,B1
fluently,B1
flunk,B1
flute,B1
flutter,B2
fog,A2
foggy,A1
folder,A2
follower,B2
folly,B2
fondly,B2
fondness,B1
foolish,B1
foolishly,B2
footballer,A2
footnote,B2
forbidden,B1
forcefully,B2
forehead,B1
foreman,B2
foresee,B2
forestry,B2
formally,B1
formidable,B2
fortnight,B1
foul,B2
fountain,B1
fox,B2
fragrance,B2
frank,A2
frantically,B2
freak,B2
freezer,B1
freezing,B1
freshman,B1
fried,A2
friendliness,B1
frigate,B2
fright,B1
frontier,B2
frost,B1
frugal,B2
frying pan,B1
full stop,B1
fume,B2
functionality,B2
funk,B2
funky,B2
furiously,B2
furnish,B1
furthest,B1
fuss,B1
gaiety,B2
gall,B1
gangster,B2
garbage,A1
gardener,B2
gardening,B1
garlic,A2
garment,B1
gasp,B2
gateway,B2
gaudy,B2
gee,B1
generosity,B2
generously,B2
genetically,B1
genetics,B1
gently,B2
geographic,B2
geographical,B1
geology,B1
germ,B2
getaway,B2
ghetto,B2
gifted,B1
giggle,B1
ginger,B1
giraffe,B1
giveaway,B2
given,A2
glacis,B2
glare,B2
glasses,A1
gleam,B2
glee,B2
glide,B1
glint,B1
global warming,B2
globally,B2
glocal,B2
gloomy,B2
glorify,B2
glow,B2
goalkeeper,B1
goat,B2
goddess,B1
godly,B2
golfer,B1
good afternoon,A1
good morning,A1
good night,A1
good-looking,A2
goodwill,B2
gook,B2
gorge,B2
gorilla,B1
gossip,B1
gossip,B2
governmental,B2
gown,B1
graceful,B1
gracefulness,B2
gradual,B2
graduation,B1
grammar,A1
grandchild,A2
granddad,A2
granddaughter,A2
grandma,A1
grandpa,A1
grandson,A2
granny,A2
grape,A1
graph,B1
graphically,B2
gratitude,B1
gravestone,B2
gravitation,B2
gravy,B1
greatness,B2
greedy,A2
greeting,B1
grieve,B2
grill,B1
grill,B1
grilled,A2
grim,B2
grocery store,A2
groom,B1
ground floor,B1
grouping,B1
growing,B2
grown-up,B2
grown-up,B2
guidebook,A2
guitarist,B1
gulp,B2
gum,B2
gunshot,B2
guts,B2
gymnastic,B2
gymnastics,B1
habitant,B2
had,A1
haircut,A1
hairdresser,B1
hairdryer,B1
hairy,B2
half-price,A2
half-price,A2
ham,A2
hamburger,A1
hammer,B1
hammer,B2
handbag,A2
handball,B1
hand-held,B1
handicap,B2
handicapped,A2
handicraft,B2
handkerchief,B1
handout,B2
handrail,B2
handshake,B1
handsome,A1
handwriting,B1
hanging,B1
hard drive,B2
hardship,B1
hard-working,B1
harmless,B2
harness,B1
harrow,B2
has,A1
haste,B2
hastily,B2
hasty,B1
hatch,B1
hatching,B2
haunting,B2
haven,B1
hay,B2
hazardous,B2
headphone,A2
headteacher,A2
healing,B1
health care,B2
heap,B2
heap,B2
heart attack,B1
heartbreaking,B2
hearted,B1
hearty,B1
heater,B1
heavenly,B1
hedge,B2
helper,B2
helpless,B1
hemp,B2
herd,B1
hesitation,B2
high school,A2
hijack,B2
hijack,B2
hike,A2
hiking,A2
HIV,B1
holder,B2
holocaust,B2
hometown,A1
homeward,B2
hone,B2
honestly,B1
honey,A2
honeymoon,B1
hood,B2
hop,B1
hopeless,B1
horrify,B1
hospice,B2
hospitable,B2
hospitality,B2
hostel,B1
hourly,B2
housekeeper,B2
housemaster,B2
housewife,B2
housework,B1
hover,B2
hug,B2
hug,A2
hugely,B2
human rights,B2
humane,B2
humanist,B2
humbug,B2
humid,B1
humiliate,B2
humiliating,B2
humiliation,B2
hunter,A2
hurriedly,B1
hush,B2
hut,B1
hybrid,B2
hygiene,B2
hyperbole,B2
hyphen,B2
ice hockey,B1
ice skating,B1
iceman,B2
icy,B2
ID card,A2
ideally,B2
identity card,B1
idiom,B1
idle,B2
idol,B1
ignorant,B2
illegally,B1
illuminate,B1
imitate,B1
imitation,B2
immerse,B2
immigrate,B1
immoral,B2
immortal,B2
immortality,B2
impair,B1
impartial,B2
impatiently,B2
imperative,B2
impermanent,B2
impolite,B2
impolitely,B2
importantly,A2
impossibility,B2
impractical,B2
impressionism,B2
impressionist,B2
improbable,B2
improper,B1
improperly,B2
improved,B2
impulse,B2
impulsive,B2
inaccurate,B2
inanimate,B2
inborn,B2
incense,B2
inconvenient,B1
incurable,B2
indebted,B2
indefinite article,B1
indent,B2
independently,B2
indescribable,B2
indifferent,B2
indignity,B2
indirectly,B1
indispensable,B2
indulgent,B2
ineffective,B2
inert,B2
inexpensive,A2
inexperienced,B2
infected,B2
infectious,B2
inference,B2
infinitive,B1
inflammation,B2
inflammatory,B2
inflate,B2
influenza,B2
informative,B1
infringe,B2
infringement,B2
inhabit,B2
inhale,B1
innate,B2
innermost,B1
innocently,B2
innovator,B1
insane,B1
inscribe,B1
inscription,B1
inseparable,B2
inspirational,B2
instead of,B1
intentionally,B1
intermission,B1
internationally,B1
interpersonal,B2
interpreter,B2
interruption,B2
intersection,B2
interviewee,B1
interviewer,A1
intransitive,B2
intravenous,B2
intrude,B2
intruder,B2
intrusion,B2
invariable,B2
invariably,B2
inventor,B2
inverted commas,B2
invitingly,B2
involuntarily,B1
ironing,B1
irrational,B2
irregular,B1
irresistible,B2
irresistibly,B2
irresponsible,B2
irritate,B1
irritated,B2
irritating,B2
irritation,B2
is,A1
islander,B2
isle,B1
itch,B2
ivory,B1
jade,B1
jar,B1
jaw,B2
jealous,B1
jealously,B2
jelly,A2
jewel,B1
jog,B2
jog,B1
jogging,B1
judo,B2
jug,B1
juicy,B1
jumper,B1
jungle,B1
junk,A2
junk food,B2
juror,B2
kangaroo,B2
karaoke,B2
keeper,B2
kerosene,B2
kettle,B1
keystroke,B2
killer,A2
kilo,A2
kindly,A2
kindly,B1
kindness,B1
kite,A1
kitten,B1
kneel,B2
knit,B1
knot,B2
knowingly,B2
known,B2
lamb,B1
lame,B2
lance,B2
landlady,B2
landslide,B2
lark,B2
last minute,B2
last name,A1
lasting,B1
lastly,B2
last-minute,B2
latecomer,B1
laundry,B2
lava,B2
lawful,B1
lawmaker,B2
layabout,B2
laziness,A2
learner,A2
lease,B2
leash,B2
lecturer,B2
leek,B2
left-hand,A2
legally,B1
legislate,B2
legislator,B2
leisurely,B2
lemonade,A2
lengthen,B2
leopard,B2
lessen,B1
lest,B2
lettuce,B1
liar,B1
liberate,B1
librarian,B1
lick,B2
lid,B2
lifeguard,B1
lifeless,B2
lighten,B2
lighter,B1
lightly,B1
lightning,B1
likeness,B1
lily,A1
limp,B1
linen,B2
liner,B2
ling,B2
literal,B2
living room,A1
loaf,B1
lodge,B1
loneliness,B2
long-distance,B2
loosely,B2
loudspeaker,B1
lousy,B2
lover,A2
lovingly,B1
lowland,B2
luckily,A2
lucrative,B2
luggage,B1
lunchtime,A2
lush,B2
luxurious,B2
lyrics,B2
'm,A1
madam,B2
madame,B2
madness,B2
maestro,B2
magician,B1
magnify,B2
mailbox,B1
main course,A2
maker,A2
malady,B2
malaria,B2
mango,B2
mankind,B1
mansion,B2
manual,B2
manual,B2
manufacturer,B2
maple,B1
marble,B1
marked,B1
martial art,B2
mash,B1
massage,B2
masseur,B2
masterpiece,B2
mastery,B2
mathematician,B1
mausoleum,B2
max,A2
mediocre,B2
meditate,B1
Mediterranean,B1
melon,A2
mend,B1
mentally,B1
merchandise,B2
merry,A1
message board,B1
messenger,B2
messy,B1
metric,B2
micro,B2
microbe,B2
microcomputer,B2
microorganism,B2
microphone,B2
microscope,B2
microscopic,B2
microscopy,B2
microwave,B2
midday,A2
middle-aged,B1
mighty,B2
millionaire,B2
mimic,B2
mineral water,A2
miniature,B2
mint,B2
minus,B1
mischief,B1
misconception,B2
misfortune,B2
mislead,B1
Miss,A1
mist,B2
mistreat,B2
mistrustful,B2
misty,B1
misunderstand,B2
misunderstanding,B1
mixing bowl,B1
mobile phone,A1
mock,B2
modem,B1
mogul,B2
moisture,B1
molecule,B1
mom,A1
momentarily,B2
momentary,B2
monastery,B2
moody,B2
moonlight,B2
moonscape,B2
morally,B2
mortal,B2
mortar,B2
mortify,B2
mosquito,B1
moss,B1
mother-in-law,B2
motherland,B1
motionless,B1
motivated,B2
motorbike,B2
motorway,A2
motto,B1
mountaintop,B1
mourn,B1
mournful,B2
mover,B2
MP3 player,A2
muddy,B2
mug,A2
mule,B1
mumble,B2
mumble,B2
murderer,B1
murmur,B2
muse,B2
mushroom,A2
mustard,B1
mutability,B2
mutable,B2
mutter,B2
mutter,B2
mutton,B2
mystify,B2
nano,B2
nap,B1
napkin,A2
narcissistic,B2
narrate,B1
narrator,B2
narrowly,B2
nationalist,B1
nationality,A1
native speaker,B2
naughty,B2
navigate,B2
navy,B2
navy blue,B1
necklace,B1
nectar,B1
needless,B2
needy,B2
negatively,B2
nephew,B1
nerves,B2
nervously,B2
nervousness,B1
ness,B1
neurosis,B2
newborn,B1
newcomer,B1
newscaster,B2
newsworthy,B2
next door,B1
next-door,B1
nicely,B2
nickname,B1
niece,B1
nightclub,B2
nightlife,B1
nobility,B2
nobleman,B2
noisily,B1
nomad,B2
nonprofessional,B2
non-smoking,B2
northeast,B1
northeast,B1
northeastern,B1
northward,B2
northwest,B1
northwest,B1
northwestern,B1
nostril,B2
noticeable,B1
noticeboard,B1
nought,B2
noun,A2
nourish,B2
nourishment,B2
novelty,B2
nucleus,B1
nuisance,B2
numerical,B2
nutrient,B1
nutritious,B1
nutshell,B2
oak,A2
oath,B2
obedience,B2
obedient,B2
obituary,B2
obsessive,B2
offhand,B2
officially,B1
offshore,B2
oily,B1
ointment,B2
olive,B2
olive oil,A2
Olympia,B2
Olympiad,B2
Olympic,A2
Olympics,A1
oneself,B1
onstage,B1
oppress,B1
oppression,B1
optimist,B2
optional,B2
orator,B2
orbit,B1
orchestral,B2
orchid,B2
orderly,B1
organism,B1
originality,B2
ornament,B2
orphan,A2
ought to,B1
ounce,B2
out of,A2
outback,B2
outdistance,B2
outdo,B2
outgrow,B2
outlaw,B1
outlive,B2
out-of-date,B1
outpatient,B2
outrageous,B2
outshine,B2
outskirts,B2
outward,B1
outwardly,B2
outweigh,B1
oval,B2
overboard,B2
overbook,B2
overcoat,B2
overestimate,B2
overhear,B2
overjoyed,B1
overlap,B2
overshadow,B2
oversize,B2
overstep,B2
overtake,B2
overthrow,B2
overtime,B2
overtime,B2
overweight,A2
overwork,B1
ow,B2
owing,B1
owing to,B2
owl,B2
ox,B2
ozone,B2
pa,B2
pacific,A2
packed,B2
packing,B1
paddle,B1
paid,B1
paintbrush,B2
pal,A2
pallet,B2
pancake,B2
pandemic,B2
papaya,B2
paperless,B2
paperwork,B2
parachute,B1
paradise,B1
paradox,B2
paralysis,B2
paramedic,B2
paratrooper,B2
parcel,B1
pardon,A1
pardon,B1
parrot,B1
participle,B1
particle,B2
partisan,B2
passionately,B2
pasta,A2
pastoral,B2
patiently,B2
patriot,B2
patriotic,B2
patriotism,B2
pave,B2
pavement,B2
paw,B2
pawnbroker,B2
pawnshop,B2
PC,A2
pea,A2
peacefully,B2
peach,B2
peanut,B1
pear,A2
pearl,B2
pebble,B2
pedal,B2
pedantic,B2
pedestrian,B2
pee,B2
peel,B2
peel,B2
peep,B2
peg,B2
pence,A2
penetrate,B2
penguin,B2
penicillin,B2
penniless,B1
pentagon,B2
performer,B1
perfume,A2
permanence,B2
permeate,B2
perseverance,B2
persistence,B2
personification,B2
personify,B2
perspiration,B2
persuasion,B2
persuasive,B1
pessimist,B2
pessimistic,B2
petrified,B2
petrol station,A2
petty,B2
pH,B2
phantom,B1
pharmacist,B2
pharmacy,B1
phoenix,B1
photocopy,B1
phrasal verb,B1
physically,A2
pi,B2
pickle,B2
picky,B2
picnic,A1
picturesque,B2
pie,B1
piety,B1
pilgrim,A2
pillow,B1
pillowcase,B2
pine,B2
pineapple,B1
pint,B2
piracy,B2
pizza,A1
plague,B2
playful,A2
playground,A2
playmate,B2
playwright,B2
pleasantly,B1
pleasing,A2
pluck,B2
plum,B2
plumber,B2
plural,A2
pneumonia,B2
pocket money,B1
point of view,B2
pointless,B2
polar bear,B2
police officer,A2
police station,A2
policewoman,A2
polio,B2
polish,B2
politely,B1
politeness,B2
politically,B2
polity,B2
pollutant,B1
pollute,A2
polo,B2
ponder,B2
popcorn,B1
porch,B2
pork,B1
posh,B2
positively,B1
possessed,B2
possessive,B1
post office,A2
postal,B2
postcard,B1
postman,B1
potent,B2
pottery,B1
powerfully,B2
practicality,B2
practically,B2
prance,B2
prawn,B2
predicament,B2
predicate,B2
predicative,B2
predictive,B2
predictor,B2
prefect,B2
preferable,B2
preferably,B2
prefix,B1
prehistoric,B2
prehuman,B2
preindustrial,B2
prejudge,B2
preoccupy,B2
preposition,B1
preschool,B1
presenter,B2
prestige,B2
preventive,B2
priceless,B2
prick,B2
primary school,B1
prime minister,B2
primitive,B1
privately,B2
pro,A2
procrastination,B1
programmer,B2
prohibition,B1
prom,B2
prominence,B2
promptly,B2
pronoun,B1
pronunciation,A2
proponent,B2
proposed,B2
prose,B2
prosper,B2
prosperous,B1
proudly,B2
proven,B2
proverb,B1
provided,B1
proximity,B2
psychologically,B2
public transport,B1
publicly,B1
publisher,B1
pudding,B2
pullover,B1
pumpkin,B2
punctual,B2
punctuality,B2
punctuation,A2
puppy,B1
purify,B1
purposeful,B2
purse,B1
puzzled,B2
quake,B1
quantify,B2
quarantine,B2
quarrel,B2
quarrel,B2
quarrelsome,B2
queer,B2
question mark,B1
quiz,A2
quotable,B2
rabbit,A1
rack,B2
racket,A2
radiate,B2
radically,B2
radium,B2
rafter,B2
rag,B2
railroad,B1
rainbow,B2
raincoat,A2
rainfall,B1
rainforest,B1
rainstorm,B2
rainy,A1
ram,B2
ramp,B2
ranger,B2
rap,A2
rap,B1
rash,B2
raspberry,B1
ration,B1
rattle,B2
ravage,B2
razor,B1
're,A1
real estate,B2
rearrange,B1
rebellious,B2
receptionist,A2
recite,B1
reclaim,B1
recollect,B2
recollection,B2
recommendable,B2
reconsider,B2
recreation,B2
rectangular,B2
recycled,B1
recycling,B1
redo,B2
redundant,B2
reed,B2
reef,B1
referent,B2
refinery,B2
reflective,B2
refrain,B2
refresh,B2
refreshments,B1
refrigerator,A2
refund,B1
refute,B2
regarding,B1
reggae,B2
regrettably,B2
rehearsal,B2
reinforcement,B2
rejoin,B2
relativity,B2
relaxation,B2
relay,B2
relic,B2
remaining,B2
remembrance,B1
remote control,B1
repaint,B2
repay,B1
repeatedly,B1
repertoire,B2
repetition,B2
replica,B2
repress,B2
repression,B2
reprint,B2
reprove,B2
resonant,B2
respectable,B1
respectably,B2
respected,B2
respiration,B2
respiratory,B2
retailer,B2
retard,B2
retell,B1
retina,B2
retrospect,B1
reunification,B1
reunify,B1
reunion,A2
reverence,B2
revolve,B2
rewrite,B1
rhinoceros,B2
rhyme,B2
rhythmic,B2
rib,B2
ribbon,A1
riddle,B2
riddle,B1
rider,B2
ridge,B2
righteousness,B2
right-hand,A2
rightly,B2
rim,B2
ripe,B1
rite,B2
roadside,B1
roam,B2
roar,B2
roast,B2
roast,A2
robin,A2
rocky,B2
rolling,B1
roommate,B2
rosy,B2
rotten,B1
roundabout,A2
royalty,B2
rubble,B2
rudely,B1
rug,B2
ruinous,B2
ruler,A1
runaway,B1
runway,B1
rush hour,B2
rusty,B2
's,A1
sadness,B1
safari,B1
safeguard,B1
safeguard,B2
safely,B1
sag,B2
sage,B2
salesman,B1
salesmanship,B2
salesperson,B2
saleswoman,B2
salmon,B1
salon,B2
salsa,B2
salty,B2
sandal,B1
sandstone,B2
sandy,A2
sanitary,B2
sanitation,B2
satisfactory,B2
saucepan,B1
saucer,B1
sausage,A2
saw,A1
saw,B2
scar,B2
scarcely,B2
scarf,A2
scarlet,B2
scatter,B1
scenery,A2
scenic,B1
scent,B2
scheduled,B2
scholasticism,B2
schoolchild,A2
schoolgirl,B2
schoolmate,B1
schoolteacher,B1
schoolwork,A2
science fiction,B1
scientifically,B2
scissors,A2
scold,B1
scooter,B2
scramble,B2
scribble,B2
scrooge,B2
scuba,B2
scythe,B2
seafood,A2
seaside,A2
seasonal,B2
seawater,B1
seaweed,B1
second person,B2
secondary school,B1
second-hand,B1
second-hand,B1
secretly,B1
seesaw,B2
self-confidence,B2
self-confident,B2
selfish,B1
selfless,B2
self-service,B1
seller,B2
semester,A2
semicolon,B2
semi-final,B2
separately,B2
serene,B2
server,B1
setback,B2
sew,A2
sexism,B2
shabby,B2
shadowy,B1
shaken,B2
Shakespearean,B2
shaky,B2
shameful,B1
shampoo,A2
sharply,B2
shave,B1
sheriff,B1
shield,B2
shipwreck,B2
shiver,B1
shop assistant,A2
shopkeeper,B2
shoplift,B2
shoplifter,B2
shoplifting,B2
shopper,B1
shortness,B2
showbiz,B2
showcase,B2
shrimp,B1
sickness,B1
sidewalk,B1
sightseeing,A2
signify,B2
signpost,B1
silently,A2
silverware,B2
simplification,B2
simplify,B1
simultaneous,B2
sincerity,B2
singular,A2
singular,A2
sister-in-law,B2
sitting room,A2
skate,A2
skate,B1
skateboard,B2
skateboarder,B2
skateboarding,A2
skating,A2
skeleton,B1
skim,B2
skylark,B2
skyscraper,B1
skyward,B2
slang,B2
slaughter,B2
sleepless,A2
sleepy,A2
sleeve,B1
slim,A2
sliver,B2
sloppy,B2
smith,A1
smoker,B1
smokestack,B2
smoothly,A2
snack,A2
sneak,B2
sneer,B2
sneeze,B1
sneeze,B2
sniff,B2
snore,B2
snore,B2
snowball,B2
snowboard,B1
snowboarding,A2
snowstorm,B1
snowy,A1
soaked,B2
soaking,B2
soap opera,B1
sob,B2
sociable,B2
social networking,B1
socially,B1
soda,A2
sofa,A1
soft drink,A2
softly,A2
softness,B2
solidity,B2
soliloquy,B2
solvent,B2
someday,A2
someplace,B1
son-in-law,B2
sonnet,B2
soothe,B1
sophomore,B1
sore,B1
sorrow,B1
soundtrack,B2
sour,B1
southeast,B1
southeast,B1
southward,B2
southwest,B1
southwest,B1
souvenir,B1
Soviet,B2
soybean,B2
spa,B2
spaceship,A2
spaghetti,A2
sparerib,B2
sparkle,B1
sparkling,B2
sparrow,B2
specially,B1
specialty,B2
speeder,B2
spellbound,B2
spinach,B1
spiral,B1
splash,B2
splash,A2
splatter,B2
sponge,B1
sports,B1
sportsmanship,B1
spray,B2
spray,B2
spreadsheet,B2
sprint,B2
spur,B2
squash,B2
squash,B2
stack,B2
stagger,B2
stain,B2
stain,B2
stammer,B2
standby,B2
standstill,B2
stanza,B2
startle,B2
starvation,B2
starving,B2
statesman,B2
statewide,B2
statistics,B2
steak,A2
steely,B2
steering wheel,B2
stepfather,B2
stepmother,B2
stern,B2
stew,B2
sticker,B1
stimulant,B2
stimulation,B2
stingy,B2
stink,B2
stitch,B2
stock market,B2
stockpile,B2
stomachache,A2
stonework,B2
stool,B2
stopover,B2
stopwatch,B2
stormy,B1
storyteller,B1
stove,A2
straighten,B2
strait,B2
strangely,B1
strangle,B2
straw,B1
strawberry,B1
stressed,B1
stressful,B1
stricken,B1
stride,B2
stripe,B1
stubborn,B1
stubbornly,B2
stuck,B1
stuffed,B1
stylish,B1
stylist,B2
subconscious,B1
subcontinent,B2
subculture,B2
subdivision,B2
subjunctive,B2
submarine,B1
subplot,B2
subside,B2
subtitle,B2
subtract,B2
subway,A1
suffix,B1
suitably,B2
suitcase,A2
sunbathe,B1
sunbeam,B2
sundial,B1
sunflower,A2
sunglasses,A2
sunlight,A2
sunny,A1
sunrise,B1
sunset,B1
sunshine,A1
superintendent,B2
superlative,A2
supernatural,B2
superstar,A2
superstition,B1
supper,A2
supplier,B2
surf,A1
surf,A2
surfing,A2
surname,A2
surprisingly,B1
surroundings,B2
suspiciously,B2
swan,B2
swarm,B1
sweat,B1
sweat,A2
sweatshirt,B1
sweetheart,A2
swell,B1
swift,B2
swimmer,B1
swimming costume,A2
swimming pool,A1
swimsuit,A2
swollen,B1
syllable,B2
symphony,A2
synonym,B2
table tennis,A2
tablecloth,B2
tablespoon,A2
tabloid,B2
tabloid,B2
tack,B2
tactile,B2
takeaway,B1
talkative,B1
tame,B2
tan,B2
tanned,B2
tasteless,B1
tasty,B1
tatter,B2
tattoo,B2
taunt,B2
teammate,B1
teamwork,B1
tease,B1
tease,B2
teaspoon,B2
technically,B2
teen,B1
telecommunications,B1
telegram,B1
telescope,B2
teller,B1
temper,B1
temperate,B2
temptation,B2
tenderly,B2
tenderness,B2
tense,B1
tense,B1
terrace,B2
terrified,B1
terrifying,B2
text message,A2
thankful,B1
theorist,B2
thermometer,B2
these,A1
these,A1
thickly,B2
thickness,B2
thigh,B2
thinker,B2
third person,B2
thirdly,B2
thirst,B2
thirst,B1
those,A1
those,A1
thoughtless,B2
threatening,B1
thrill,B2
thriller,B1
thrilling,B2
thump,B1
thunder,B1
thunderous,B1
thunderstorm,A2
tick,B1
tick,B1
tickle,B2
tiger,A1
tightly,B1
tightrope,B2
tights,A2
tile,B1
timeless,B2
timeliness,B2
times,B2
timetable,A2
tiptoe,B2
tire,B1
tiredness,B2
tiresome,B2
tiring,B1
toast,A2
toenail,B2
toil,B2
tolerant,B2
tomb,B2
toothache,A2
toothbrush,A2
toothpaste,B1
torch,B2
tornado,B1
tortoiseshell,B2
tour guide,A2
tracksuit,B1
trader,B2
traditionally,B1
traffic jam,B1
traffic light,A2
trainee,B2
traitor,B2
tram,A2
tramp,B2
trample,B2
transfusion,B2
transient,B2
transistor,B2
transitional,B1
transitive,B2
translator,B2
trash,B1
travel agent,B1
traverse,B2
tray,B2
tread,B2
trek,B2
tremble,B1
tremendously,B2
tremor,B2
triangle,B2
tricky,B2
trim,B1
trivial,B2
trolley,B2
tropic,B2
troublesome,B2
trumpet,B1
trunk,B2
trustworthy,B1
trusty,B2
truthful,B2
truthfulness,B2
tub,B2
tuberculosis,B2
tug,B2
tulip,B2
tumble,B1
tuna,B1
turbulence,B1
turbulent,B2
turkey,A1
turning,B1
turtle,B1
tutor,B2
twinkle,B2
twisted,B2
typhoid,B2
tyranny,B2
tyrant,B2
unafraid,B1
unashamedly,B2
unattractive,B2
unavailable,B2
unaware,B2
unbearable,B2
unbeatable,B2
unbelievable,B1
uncertain,A2
unchanged,B2
uncharacteristic,B2
unclear,B1
unclearly,B2
uncomfortably,B2
uncommon,B2
unconcerned,B2
uncontrollable,B1
uncover,B1
underage,B1
underestimate,B2
underline,A1
underline,B1
underneath,B2
underneath,B1
underpants,B1
undersea,B2
understandable,B2
underwater,A2
underwater,B2
undo,B1
undreamed,B2
undress,B1
undressed,B2
unease,B2
uneasily,B2
uneasy,A2
unenthusiastic,B2
uneven,B2
unexpectedly,B1
unfairly,B1
unfamiliar,B2
unfashionable,B2
unfit,B1
unforeseen,B2
unforgettable,A2
unfriendly,B1
ungodly,B2
unhappiness,B2
unhealthy,A2
unheard,B1
unhelpful,B2
unimaginable,B2
unimaginably,B2
unimportant,A2
uninterested,B1
uninteresting,B1
unjustly,B2
unkind,B2
unlimited,B2
unload,B2
unlock,B2
unlucky,B1
unmistakable,B2
unmistakably,B2
unnatural,B2
unofficial,B2
unpack,B1
unpopular,B2
unpredictable,B1
unrealistic,B2
unreasonable,B2
unrelated,B1
unreliable,B2
unrest,B2
unsafe,B2
unsatisfactory,B2
unselfish,B2
unstoppable,B2
unsuccessful,B2
unsuitable,B2
unsure,B2
untalented,B2
unthinkably,B2
untidy,B1
untie,B2
unto,B2
untreated,B2
untrimmed,B2
unusually,B1
unusualness,B2
unwanted,B1
unwell,B1
unwilling,B2
unwise,B2
unworldly,B2
upbringing,B2
uplifted,B1
upload,B1
upright,B2
upright,B2
upside down,B2
upside down,B2
up-to-date,B1
upward,B1
urgently,B2
usher,B2
utter,B2
vacancy,B1
vacant,B2
vaccine,B2
vain,B1
valentine,B2
vanity,B2
vase,A1
vegetarian,B1
vegetarian,B1
verb,A2
verbally,B2
vet,B1
vibrate,B2
vibration,B2
vice president,B1
video clip,B1
video game,A2
vigorous,B2
vigorously,B2
villa,B2
vinegar,B2
violently,B1
violin,A2
virtual reality,B2
virtually,B2
visibly,B2
visually,B1
vivid,B1
vividly,B1
vocabulary,A2
vocalist,B2
volcano,B1
volleyball,A1
vomit,B2
voter,B2
vowel,B1
voyage,B1
wagon,B1
waist,B2
waistcoat,B2
waitress,A1
walkabout,B2
walker,B2
walking,A2
wallboard,B2
wallet,A2
walnut,B2
wardrobe,B1
warmly,B1
warmth,B1
warranty,B1
warship,B2
wartime,B2
was,A1
washbowl,B1
washing machine,A2
washing-up,A2
wasp,B2
wasteful,B1
waterfall,B1
waterproof,B2
wax,B1
wax,B1
weakly,B2
wearisome,B2
weary,B2
weather forecast,B1
web page,A2
webcam,B1
wed,B2
weekday,A2
weep,A2
well-balanced,B2
well-built,B2
well-dressed,B1
well-known,A2
well-paid,B2
were,A1
westward,B1
wetland,B1
whale,B1
wheelchair,A2
whichever,B1
whichever,B2
whistle,B1
whistle,B2
wilderness,B2
wildly,B1
willingly,B2
winding,B2
windscreen,B1
windshield,B2
windsurfing,B1
windy,A2
wink,B2
wither,B1
witty,B2
wizard,B1
wolf,B2
wondrous,B2
woodcarving,B2
wordlessly,B2
workaholic,B2
workbench,B2
workman,B2
worktable,B2
worldly,B2
worldview,B2
worn,B1
worrying,B2
worsen,B2
worthless,B2
wrapping,B1
wreck,B2
wristwatch,B1
wrongly,B2
X-ray,B2
yacht,B2
yawn,B2
yawn,B2
yearn,B2
yoga,B1
youthful,B2
yummy,B2
zebra,B2
zip,B2
zoo,A1
zoom,B2
exterior,C1
cloak,C1
timid,C1
reluctantly,C1
concur,C1
avid,C1
marvel,C1
enviable,C1
psychiatrist,C1
corps,C1
forensic,C1
juvenile,C1
juvenile,C1
accustomed,C1
traumatic,C1
revealing,C1
eccentric,C1
sanctity,C1
conform,C1
norms,C1
quirk,C1
oddity,C1
compulsion,C1
conceivable,C1
individuality,C1
psyche,C1
conformity,C1
unconventional,C1
congregate,C1
resent,C1
self-conscious,C1
wary,C1
stoke,C1
dynamically,C1
hostess,C1
perpetuate,C1
naturalness,C1
exhibitionist,C1
refreshingly,C1
effortless,C1
vegetation,C1
respite,C1
suffice,C1
purity,C1
gruelling,C1
plaster,C1
plaster,C1
darkroom,C1
induct,C1
induction,C1
geological,C1
geologically,C1
enormously,C1
gem,C1
explanatory,C1
knowledgeable,C1
ordinarily,C1
hanging,C1
hanging,C1
tomb,C1
resin,C1
cleanly,C1
stretching,C1
continuity,C1
shambles,C1
claustrophobic,C1
claustrophobia,C1
headstrong,C1
tact,C1
tactful,C1
tactfully,C1
blister,C1
blister,C1
saloon,C1
beforehand,C1
slob,C1
unplug,C1
gadget,C1
rediscover,C1
subtly,C1
brainwash,C1
brainwashing,C1
implicate,C1
malfunction,C1
wayside,C1
con,C1
con,C1
damply,C1
ghostly,C1
carrier,C1
washtub,C1
apt,C1
apt to,C1
portable,C1
portable,C1
ornamental,C1
placid,C1
placidly,C1
unmanageable,C1
appliance,C1
relinquish,C1
tedious,C1
tedium,C1
extortion,C1
alleviate,C1
elaboration,C1
detest,C1
detestable,C1
suds,C1
agreeable,C1
prowl,C1
speculative,C1
peacock,C1
disdain,C1
reenact,C1
torment,C1
torment,C1
extravagance,C1
implicate,C1
collaborator,C1
collaborative,C1
showy,C1
wrangle,C1
advantageous,C1
parasite,C1
fanciful,C1
poise,C1
customary,C1
insightful,C1
viciously,C1
withdrawn,C1
torturous,C1
depiction,C1
upheaval,C1
shortlist,C1
shortlist,C1
uneventful,C1
pertinent,C1
pertain to,C1
daydream,C1
daydream,C1
protagonist,C1
simplicity,C1
blockbuster,C1
resonate,C1
sequel,C1
acidic,C1
suitor,C1
deceit,C1
alienate,C1
persuasively,C1
confinement,C1
minutiae,C1
inexplicable,C1
inexplicably,C1
pigeon,C1
harass,C1
believably,C1
readable,C1
cleverness,C1
persecute,C1
persecution,C1
smug,C1
smugly,C1
ferocious,C1
ferociously,C1
dismay,C1
dismay,C1
methodical,C1
ruthless,C1
ruthlessness,C1
talkative,C1
awe,C1
clan,C1
privileged,C1
crumble,C1
crumb,C1
closeness,C1
rarity,C1
repel,C1
repellant,C1
repellant,C1
aqua,C1
aquarium,C1
insightful,C1
insightfully,C1
flashback,C1
self-worth,C1
agonize,C1
citation,C1
recite,C1
ecstasy,C1
ecstatic,C1
ecstatically,C1
pleasurable,C1
elitist,C1
grumble,C1
rumble,C1
rumble,C1
neglectful,C1
roundup,C1
conscientious,C1
conscientiously,C1
indefinite,C1
indefinitely,C1
atmospheric,C1
fuse,C1
fusion,C1
robustly,C1
dismal,C1
dismally,C1
crave,C1
craving,C1
swap,C1
remotely,C1
splatter,C1
exhaust,C1
violet,C1
bubbly,C1
chaotically,C1
apprehensive,C1
settee,C1
trampoline,C1
stamina,C1
ploy,C1
dither,C1
overalls,C1
unison,C1
snail,C1
bliss,C1
inexhaustible,C1
calf,C1
heifer,C1
ewe,C1
adversary,C1
victorious,C1
victoriously,C1
profoundly,C1
baldly,C1
bald,C1
bearded,C1
professionalism,C1
artistically,C1
popularization,C1
pendulum,C1
lapse,C1
ceaseless,C1
ceaselessly,C1
climax,C1
climactic,C1
anticlimactic,C1
scramble,C1
forfeit,C1
twitch,C1
twitch,C1
intellect,C1
exodus,C1
immortalize,C1
genome,C1
physique,C1
utensil,C1
otter,C1
clammy,C1
dispense,C1
dispensable,C1
dispensary,C1
indispensable,C1
diverge,C1
divergence,C1
divergent,C1
superficial,C1
superficially,C1
aesthetically,C1
quip,C1
quip,C1
woo,C1
criteria,C1
plausible,C1
plausibility,C1
plausibly,C1
instinctive,C1
instinctively,C1
stylistic,C1
stylistically,C1
inheritance,C1
inherently,C1
spontaneous,C1
spontaneously,C1
honk,C1
honk,C1
goose,C1
innovate,C1
connoisseur,C1
abstraction,C1
tantrum,C1
fatality,C1
stiffen,C1
wooded,C1
flatter,C1
flattery,C1
aimless,C1
aimlessly,C1
meaningless,C1
meaninglessly,C1
candid,C1
candidly,C1
vitality,C1
provocative,C1
provocatively,C1
clench,C1
haggle,C1
scorn,C1
scornful,C1
scornfully,C1
animatedly,C1
obscure,C1
obscure,C1
obscurely,C1
elevation,C1
tedious,C1
tediously,C1
formality,C1
jog,C1
mountaineer,C1
transatlantic,C1
rudiments,C1
rudimentary,C1
paddle,C1
immensely,C1
advisory,C1
trying,C1
adrenaline,C1
tinker,C1
tinker,C1
lavatory,C1
pinnacle,C1
insecure,C1
insecurely,C1
reassurance,C1
insensitive,C1
insensitively,C1
profess,C1
drawback,C1
overseer,C1
estimation,C1
liaison,C1
stressfully,C1
notwithstanding,C1
structurally,C1
chauffer,C1
chauffer,C1
sedentary,C1
rapport,C1
consultancy,C1
bloom,C1
retention,C1
quarry,C1
possessor,C1
chill,C1
chill,C1
chilly,C1
frost,C1
frosty,C1
frostily,C1
unmanned,C1
impersonal,C1
impersonally,C1
impersonate,C1
impersonator,C1
impersonation,C1
buzzer,C1
desertion,C1
unoccupied,C1
stuffy,C1
stuffily,C1
stuffiness,C1
gape,C1
gape,C1
repute,C1
toughness,C1
recollection,C1
plumbing,C1
usher,C1
glum,C1
glumly,C1
gamely,C1
dissect,C1
dissection,C1
commend,C1
commendation,C1
flick,C1
flicker,C1
unenviable,C1
unenviably,C1
tread,C1
bribe,C1
bribe,C1
bribery,C1
inclusive,C1
inclusively,C1
unconvincing,C1
unconvincingly,C1
recharge,C1
facilitation,C1
conditional,C1
conditionally,C1
supple,C1
manicure,C1
manicure,C1
pedicure,C1
facial,C1
facial,C1
bouquet,C1
refurbish,C1
refurbishment,C1
grounds,C1
grounds,C1
grounds,C1
lethargy,C1
lethargic,C1
lethargically,C1
stately,C1
conservatory,C1
disquieting,C1
fiercely,C1
grapefruit,C1
exotically,C1
flask,C1
spacious,C1
gourmet,C1
gourmet,C1
conjure,C1
creamy,C1
sauna,C1
remedial,C1
posture,C1
sedate,C1
sedately,C1
sedate,C1
clutch,C1
clutch,C1
stagger,C1
staggering,C1
dutiful,C1
dutifully,C1
calorie,C1
fabulously,C1
premises,C1
eclectic,C1
eclectic,C1
eclectically,C1
revere,C1
batter,C1
batter,C1
batter,C1
unreliably,C1
waterfront,C1
amply,C1
amplification,C1
battered,C1
battered,C1
compliant,C1
compliantly,C1
blankness,C1
exuberant,C1
exuberance,C1
exuberantly,C1
linearly,C1
anchored,C1
domination,C1
dominantly,C1
interject,C1
interjection,C1
gush,C1
gushing,C1
gush,C1
gushingly,C1
voracious,C1
voraciously,C1
sketchbook,C1
prop,C1
prop,C1
imp,C1
impish,C1
impishly,C1
wicked,C1
wickedly,C1
macabre,C1
gusto,C1
tantamount,C1
antics,C1
lapse,C1
lapse,C1
relapse,C1
relapse,C1
impede,C1
impediment,C1
taut,C1
tautly,C1
jersey,C1
jersey,C1
startling,C1
startlingly,C1
slack,C1
slack,C1
slack,C1
slackly,C1
unwavering,C1
unwaveringly,C1
removed,C1
buffoon,C1
beguiling,C1
beguilingly,C1
blithely,C1
stray,C1
stray,C1
stray,C1
mythological,C1
mythology,C1
venerate,C1
veneration,C1
ethically,C1
heroine,C1
refreshing,C1
refresh,C1
refreshingly,C1
zany,C1
devotee,C1
salve,C1
salvation,C1
salvage,C1
staccato,C1
staccato,C1
verve,C1
motley,C1
preacher,C1
continuity,C1
justly,C1
wry,C1
wryly,C1
poetess,C1
confide,C1
sentient,C1
sentimental,C1
sentimentally,C1
tangle,C1
tangle,C1
tangled,C1
untangle,C1
untangled,C1
perceptive,C1
perceptively,C1
outset,C1
tycoon,C1
engross,C1
engrossing,C1
plague,C1
orphan,C1
detritus,C1
detriment,C1
detrimental,C1
detrimentally,C1
domestically,C1
domesticate,C1
domestication,C1
eccentric,C1
eccentric,C1
eccentrically,C1
rendering,C1
pathos,C1
tailor,C1
tailor,C1
personification,C1
limitless,C1
apprentice,C1
apprentice,C1
apprenticeship,C1
swap,C1
swap,C1
silhouette,C1
nondescript,C1
negligible,C1
negligent,C1
negligently,C1
principally,C1
altruism,C1
altruistic,C1
voluntarily,C1
reap,C1
paternal,C1
maternal,C1
maternalistic,C1
paternalistic,C1
provisions,C1
impoverished,C1
unsustainable,C1
unsustainably,C1
sustainably,C1
bypass,C1
imperative,C1
imperative,C1
cynic,C1
cynically,C1
cynicism,C1
sarcasm,C1
sarcastic,C1
sarcastically,C1
misplace,C1
symptomatic,C1
degrade,C1
degrading,C1
degradation,C1
hedgehog,C1
nocturnal,C1
hibernate,C1
hibernation,C1
latent,C1
snooze,C1
classy,C1
wrench,C1
reminisce,C1
reminiscent,C1
intuit,C1
intuition,C1
intuitive,C1
intuitively,C1
marginally,C1
crudely,C1
strap,C1
strap,C1
strapping,C1
scoff,C1
fiddly,C1
fiddler,C1
fiddle,C1
fiddle,C1
unmusical,C1
unmusically,C1
repertory,C1
concerto,C1
fanatic,C1
fanatic,C1
fanatically,C1
acoustically,C1
acoustic,C1
acoustics,C1
compromised,C1
daunt,C1
daunting,C1
realist,C1
realism,C1
recess,C1
recess,C1
recessive,C1
prolific,C1
prolifically,C1
proliferate,C1
fragmentation,C1
astray,C1
durable,C1
durable,C1
naive,C1
naively,C1
naivety,C1
impervious,C1
ludicrous,C1
ludicrously,C1
cost-effective,C1
gruesome,C1
gruesomely,C1
envisage,C1
screenwriter,C1
mingle,C1
churn,C1
irate,C1
irately,C1
docile,C1
docilely,C1
fiend,C1
fiendish,C1
fiendishly,C1
transfix,C1
gypsy,C1
temperament,C1
temperamental,C1
temperamentally,C1
screenplay,C1
disillusionment,C1
demise,C1
raunchy,C1
raunchily,C1
overdraft,C1
overdraft,C1
synopsis,C1
renown,C1
contested,C1
verandah,C1
occupational,C1
ventilate,C1
ventilation,C1
occupant,C1
radiator,C1
homely,C1
bureaucratic,C1
bureaucratically,C1
adjustable,C1
fatigue,C1
muscular,C1
versatile,C1
versatility,C1
stimuli,C1
uninspiring,C1
mutually,C1
clutter,C1
clutter,C1
lodge,C1
dislodge,C1
carpenter,C1
carpentry,C1
plummet,C1
demography,C1
demographic,C1
demographic,C1
demographically,C1
phenomenal,C1
phenomenally,C1
prophet,C1
prophetic,C1
paywall,C1
firewall,C1
invoice,C1
demolition,C1
demo,C1
socialization,C1
antiquity,C1
antiquated,C1
restorative,C1
coupled,C1
itinerary,C1
resilient,C1
resilience,C1
enterprising,C1
canoe,C1
magnetism,C1
magnetically,C1
credibly,C1
credential,C1
acutely,C1
prohibitive,C1
prohibitively,C1
fissure,C1
pendulum,C1
pendulous,C1
aboard,C1
drill,C1
drill,C1
anthropology,C1
anthropologist,C1
squander,C1
munch,C1
adjoin,C1
adjoining,C1
wizened,C1
graft,C1
orchard,C1
seedling,C1
tract,C1
folktale,C1
sprout,C1
sprout,C1
hypocrisy,C1
hypocrite,C1
hypocritical,C1
hypocritically,C1
midwife,C1
commercially,C1
uniformity,C1
numb,C1
numb,C1
tastebud,C1
retrace,C1
insubordinate,C1
insubordination,C1
insubordinately,C1
subordinate,C1
primitively,C1
expedite,C1
contextual,C1
contextually,C1
riveting,C1
turmoil,C1
scathing,C1
unscathing,C1
convoluted,C1
undaunted,C1
gutsy,C1
deprivation,C1
farce,C1
portrayal,C1
elusive,C1
elude,C1
incisor,C1
incision,C1
chisel,C1
chiselled,C1
gnaw,C1
elongate,C1
telltale,C1
cavity,C1
rustle,C1
rustle,C1
glean,C1
somersault,C1
somersault,C1
exhilarate,C1
exhilarating,C1
exhilaration,C1
physicality,C1
hack,C1
hack,C1
lust,C1
unsettling,C1
unsettle,C1
suburbia,C1
dramatist,C1
quirky,C1
quirky,C1
sprawl,C1
sprawl,C1
ingenuity,C1
panorama,C1
panoramic,C1
benign,C1
benignly,C1
explosively,C1
bequeath,C1
synthetic,C1
synthetically,C1
elastic,C1
elastic,C1
appalling,C1
appallingly,C1
pounce,C1
abound,C1
sap,C1
monotonous,C1
monotonously,C1
monotony,C1
turn to ,C1
ingenious,C1
plaque,C1
salivate,C1
cessation,C1
remorse,C1
remorseless,C1
remorsefully,C1
remorselessly,C1
inexcusable,C1
inexcusably,C1
inexhaustible,C1
unassisted,C1
bulky,C1
bulk up,C1
mark-up,C1
complementary,C1
complimentary,C1
staple,C1
wares,C1
testament,C1
succulent,C1
succulent,C1
succulently,C1
tranquil,C1
tranquility,C1
spartan,C1
peninsula,C1
billiards,C1
exude,C2
envisage,C2
headmistress,C2
mien,C2
timidity,C2
unravel,C2
concurrence,C2
unpromising,C2
teem,C2
marvel,C2
outpatient,C2
corpse,C2
apprentice,C2
constrained,C2
quirk,C2
indignant,C2
indignantly,C2
eccentricity,C2
locomotive,C2
locomotion,C2
individualism,C2
enthuse,C2
belligerent,C2
belligerence,C2
stoicism,C2
recluse,C2
reclusive,C2
metalled,C2
oblique,C2
facsimile,C2
shamble,C2
whir,C2
blight,C2
blight,C2
puritanical,C2
brood,C2
brood,C2
disdainful,C2
zoologist,C2
zoology,C2
encumbrance,C2
encumber,C2
hypothesize,C2
hypothetical,C2
parasitic,C2
plumage,C2
utilitarian,C2
predilection,C2
commensurate,C2
commensurately,C2
vindicate,C2
vindication,C2
parable,C2
poise,C2
minster,C2
wrack,C2
callous,C2
callously,C2
derelict,C2
derelict,C2
materialism,C2
materialistic,C2
ferocity,C2
utter,C2
utter,C2
evokingly,C2
recitation,C2
equable,C2
extant,C2
denunciation,C2
requisition,C2
substantiate,C2
inscrutable,C2
stratosphere,C2
indulgence,C2
indulgently,C2
laudatory,C2
laud ,C2
glitz,C2
glitzy,C2
automate,C2
apprehend,C2
athleticism,C2
daunt,C2
daunting,C2
acreage,C2
affectation,C2
imposition,C2
stipulate,C2
stipulation,C2
allot,C2
allotment,C2
anticlimactically,C2
forfeiture,C2
blitz,C2
blitz,C2
primeval,C2
tenacity,C2
tenacious,C2
tenaciously,C2
genomic,C2
genomically,C2
capacious,C2
utilitarian,C2
unequivocal,C2
unequivocally,C2
spontaneity,C2
provocation,C2
portraiture,C2
tedium,C2
circumnavigate,C2
circumnavigation,C2
liaise,C2
contractual,C2
contractually,C2
repute,C2
abject,C2
sheaf,C2
articulation,C2
spurious,C2
spuriously,C2
posture,C2
calorific,C2
fabulate,C2
fabulation,C2
octogenarian,C2
voracity,C2
brandish,C2
repose,C2
repose,C2
encumber,C2
encumbrance,C2
unencumbered,C2
buffoonery,C2
gauche,C2
domesticity,C2
accrue,C2
proliferation,C2
blandishment,C2
pluck,C2
anthropological,C2
anthropologically,C2
monastic,C2
graft,C2
midwifery,C2
adornment,C2
adorn,C2
idle,C2
conjecture,C2
conjecture,C2
malleable,C2
malleability,C2
ore,C2
gale,C2
promenade,C2
testimonial,C2
distill,C2
distillation,C2
informant,C2
vis-a-vis,C2
overlay,C2
nostalgia,C2
nostalgic,C2
nostalgically,C2
grievance,C2
deprivation,C2
residual,C2
physiological,C2
physiologically,C2
methodological,C2
methodologically,C2
proportional,C2
proportionally,C2
habitation,C2
inartistic,C2
ornate,C2
modernism,C2
presuppose,C2
presupposition,C2
envisage,C2
contextual,C2
contextually,C2
transmitter,C2
archival,C2
diffuse,C2
diffuse,C2
egalitarian,C2
egalitarian,C2
hindsight,C2
disperse,C2
dispersal,C2
adversely,C2
pervasive,C2
pervasiveness,C2
autonomous,C2
autonomously,C2
outmoded,C2
plum,C2
notoriously,C2
notoriety,C2
menial,C2
insular,C2
antidote,C2
posture,C2
postural,C2
posturing,C2
revelatory,C2
prostrate,C2
prostrate,C2
haphazard,C2
haphazardly,C2
deficient,C2
deficiently,C2
delicatessen,C2
muscle-bound,C2
posit,C2
cocoon,C2
chrysalis,C2
ignominious,C2
ignominiously,C2
euphoria,C2
euphoric,C2
euphorically,C2
relegate,C2
succumb,C2
treacherous,C2
treacherously,C2
treachery,C2
maggot,C2
palate,C2
palatable,C2
hermit,C2
hermetic,C2
irrelevancy,C2
mariner,C2
rift,C2
helm,C2
autopilot,C2
eminence,C2
eminent,C2
preeminent,C2
unsuspected,C2
paralysis,C2
glory in,C2
preoccupation,C2
preoccupy,C2
prolong,C2
drudgery,C2
pressurize,C2
pressurization,C2
intermediary,C2
hotelier,C2
denote,C2
denotation,C2
profitability,C2
jargon,C2
declination,C2
vocational,C2
spatial,C2
spatially,C2
punctual,C2
punctuality,C2
extracurricular,C2
extracurricular,C2
all-encompassing,C2
frolic,C2
minefield,C2
side-step,C2
abundant,C2
abundantly,C2
anarchic,C2
prescriptive,C2
slab,C2
retrospect,C2
retrospective,C2
retrospection,C2
wordage,C2
brevity,C2
uncanny,C2
tactically,C2
tactile,C2
gambit,C2
babble,C2
bauble,C2
combustion,C2
painstaking,C2
painstakingly,C2
contraption,C2
mesh,C2
enabler,C2
fluctuate,C2
fluctuation,C2
lyricist,C2
lyrical,C2
lyrically,C2
bona fide,C2
moribund,C2
perch,C2
perch,C2
perch,C2
solicit,C2
vocalist,C2
philanthropy,C2
philanthropist,C2
philanthropic,C2
philanthropically,C2
precocious,C2
precociously,C2
wordsmith,C2
connote,C2
connotation,C2
herald,C2
herald,C2
philistine,C2
innuendo,C2
inducement,C2
anthology,C2
lament,C2
lamentation,C2
conduit,C2
chronology,C2
chronological,C2
chronologically,C2
equilibrium,C2
rebound,C2
rebound,C2
flagging,C2
electrode,C2
caffeinate,C2
cosmic,C2
interlude,C2
haven,C2
recuperate,C2
recuperation,C2
recuperative,C2
cultish,C2
seismic,C2
irrevocably,C2
irrevocable,C2
slither,C2
unnerve,C2
unnerving,C2
unnervingly,C2
protrude,C2
protrusion,C2
qualitative,C2
procedural,C2
procedural,C2
demystify,C2
demystification,C2
proprietary,C2
proprietorial,C2
tantamount,C2
floodgates,C2
imperceptible,C2
imperceptibly,C2
hapless,C2
catastrophic,C2
catastrophically,C2
wayward,C2
blurb,C2
indolent,C2
indolently,C2
indolence,C2
taste-maker,C2
deviant,C2
deviant,C2
deviantly,C2
engender,C2
emolument,C2
munificence,C2
posterity,C2
venomous,C2
venomously,C2
choreography,C2
choreographical,C2
archetype,C2
archetypal,C2
dissension,C2
exalted,C2
exaltedly,C2
adept,C2
adept,C2
inert,C2
hitherto,C2
angst,C2
angsty,C2
drabness,C2
melodious,C2
melodiously,C2
magpie,C2
lark,C2
lark,C2
melancholy,C2
melancholy,C2
meteorology,C2
meteorological,C2
brink,C2
unsurpassed,C2
loiter,C2
topple,C2
intrinsic,C2
intrinsically,C2
promotable,C2
clinch,C2
anonymity,C2
splinter,C2
reproach,C2
disseminate,C2
dissemination,C2
dissemble,C2
mangle,C2
bereft,C2
bereftly,C2
soliloquy,C2
solipsism,C2
soliloquize,C2
mutinous,C2
mutinously,C2
prissy,C2
reptilian,C2
undiminishing,C2
contagion,C2
homestead,C2
incumbent,C2
incumbent,C2
recumbent,C2
nonchalant,C2
nonchalantly,C2
mesmeric,C2
stultify,C2
stultifyingly,C2
wallow,C2
ponderous,C2
ponderously,C2
lassitude,C2
vicinity,C2
ebb,C2
wax,C2
wane,C2
antediluvian,C2
ostensible,C2
ostensibly,C2
interlocking,C2
undemonstrative,C2
undemonstratively,C2
menace,C2
menacing,C2
menacingly,C2
calamity,C2
calamitous,C2
calamitously,C2
nigh,C2
austere,C2
austerely,C2
austerity,C2
idiosyncrasy,C2
idiosyncratic,C2
idiomatic,C2
idiomatically,C2
kinetic,C2
kinetically,C2
unmediated,C2
mediate,C2
mediation,C2
unharried,C2
figurative,C2
figuratively,C2
exorcism,C2
exorcist,C2
mundanity,C2
mediocrity,C2
dubiously,C2
curate,C2
curator,C2
antithesis,C2
antithetical,C2
detract,C2
interrogate,C2
interrogation,C2
interrogative,C2
interrogatively,C2
perverse,C2
perversity,C2
attainment,C2
opaque,C2
opacity,C2
remit,C2
remittance,C2
recourse,C2
pedestal,C2
pedestrian,C2
lurid,C2
luridly,C2
fallacy,C2
rife,C2
grumble,C2
mercenary,C2
polysyllabic,C2
syllabic,C2
superfluous,C2
superfluously,C2
snippet,C2
ephemeral,C2
ephemera,C2
ephemerality,C2
summarily,C2
skim,C2
infallibly,C2
infallible,C2
infallibility,C2
depravity,C2
depraved,C2
deprecate,C2
deprecatingly,C2
revile,C2
revulsion,C2
arcane,C2
arcanely,C2
porten,C2
divination,C2
flit,C2
hitch,C2
prone,C2
scavenger,C2
vermin,C2
totemic,C2
emulate,C2
emulation,C2
avian,C2
vestigial,C2
vestigially,C2
barometer,C2
lament,C2
lamentation,C2
brouhaha,C2
magnate,C2
magnanimous,C2
magnanimously,C2
magnanimity,C2
whirlwind,C2
strait,C2
secularly,C2
euphemism,C2
euphemistic,C2
euphemistically,C2
condensation,C2
redundant,C2
redundancy,C2
redundantly,C2
colloquial,C2
colloquium,C2
colloquially,C2
allusion,C2
allude,C2
disparage,C2
disparaging,C2
disparagingly,C2
disparagement,C2
huddle,C2
huddle,C2
topography,C2
topographical,C2
topographically,C2
confabulate,C2
confabulation,C2
surrealist,C2
surrealism,C2
contrive,C2
malice,C2
malicious,C2
maliciously,C2
cinematography,C2
cinematographer,C2
maverick,C2
diligent,C2
diligence,C2
diligently,C2
turret,C2
impressionistic,C2
impressionistically,C2
snobbery,C2
parochial,C2
gravitate,C2
gravitational,C2
gravitationally,C2
consternation,C2
haughty,C2
haughtily,C2
axiom,C2
axiomatic,C2
attrition,C2
enduringly,C2
reissue,C2
sulphur,C2
sulphuric,C2
phantom,C2
moor,C2
solitary,C2
solitary,C2
solitariness,C2
solitude,C2
adhesion,C2
proscribe,C2
proscription,C2
crony,C2
dribble,C2
dribble,C2
dribble,C2
ingrate,C2
prise,C2
rickety,C2
consign,C2
consignment,C2
fete,C2
dole out,C2
opulent,C2
opulence,C2
opulently,C2
plutocrat,C2
averse,C2
edify,C2
edification,C2
converse,C2
converse,C2
sterility,C2
rhetorical,C2
rhetorically,C2
flighty,C2
flightiness,C2
brimstone,C2
impeccable,C2
impeccably,C2
romp,C2
romper,C2
meticulous,C2
meticulously,C2
ingratiate,C2
ingratiating,C2
ingratiatingly,C2
shimmer,C2
hull,C2
cull,C2
swivel,C2
relinquish,C2
quiver,C2
quiver,C2
sandwiched,C2
mottled,C2
epoxy,C2
resin,C2
sedately,C2
angular,C2
angularity,C2
dampen,C2
buccaneer,C2
buccaneer,C2
conglomerate,C2
cay,C2
singe,C2
cordon,C2
fabled,C2
glint,C2
glint,C2
infernal,C2
infernally,C2
presentational,C2
plume,C2
happenstance,C2
reconcile,C2
reconciliation,C2
conciliatory,C2
conciliation,C2
preconception,C2
baroque,C2
virginal,C2
spire,C2
elephantine,C2
condone,C2
commode,C2
unobtrusive,C2
unobtrusively,C2
unobtrusiveness,C2
compellingly,C2
hauntingly,C2
brim,C2
authenticity,C2
scholarly,C2
accessibility,C2
artifact,C2
preservationist,C2
qualm,C2
besiege,C2
cloister,C2
cloistered,C2
annex,C2
annex,C2
resuscitate,C2
resuscitation,C2
ravish,C2
fabricate,C2
fabrication,C2
patchy,C2
patchily,C2
resounding,C2
resoundingly,C2
resound,C2
ordain,C2
inchoate,C2
inchoately,C2
elated,C2
elation,C2
hysteria,C2
hysterical,C2
hysterically,C2
jarring,C2
suffuse,C2
totter,C2
pyre,C2
contemptuous,C2
contemptuously,C2
forlorn,C2
forlornly,C2
rebuke,C2
rebuke,C2
abhorrent,C2
abhor,C2
abhorrently,C2
aberration,C2
emulsify,C2
emulsification,C2
emulsifier,C2
additive,C2
additive,C2
confection,C2
proximal,C2
vandalize,C2
vandal,C2
feign,C2
paradoxical,C2
paradoxically,C2
laryngitis,C2
stringent,C2
astringent,C2
stringently,C2
breadwinner,C2
cosset,C2
counsel,C2
aptitude,C2
torrential,C2
banish,C2
banishment,C2
knack,C2
fruition,C2
maelstrom,C2
vortex,C2
depressive,C2
shoal,C2
scroll,C2
collide,C2
collider,C2
edifice,C2
thicket,C2
leaven,C2
leavening,C2
ethos,C2
exhibitionist,C2
interweave,C2
burgeoning,C2
indiscrete,C2
indiscretion,C2
telescopic,C2
telescopically,C2
amorphous,C2
amorphously,C2
hamper,C2
proliferate,C2
proliferation,C2
deterrent,C2
selectivity,C2
fractious,C2
mystique,C2
assimilate,C2
assimilation,C2
intersperse,C2
verbatim,C2
verbatim,C2
verily,C2
veritable,C2
verisimilitude,C2
artifice,C2
advantageous,C2
unfeasible,C2
unfeasibly,C2
behest,C2
virtuoso,C2
virtuosity,C2
cascade,C2
cascade,C2
crippling,C2
nascent,C2
smattering,C2
corpus,C2
wheeze,C2
neophyte,C2
coax,C2
formidably,C2
formidable,C2
squint,C2
hoist,C2
flatout,C2
buzzard,C2
bogus,C2
derision,C2
derisive,C2
derisively,C2
truism,C2
prurient,C2
wither,C2
prurience,C2
tetchy,C2
agile,C2
agility,C2
aghast,C2
dwarf,C2
dwarfism,C2
etch,C2
etching,C2
rapture,C2
rapturous,C2
rapturously,C2
ad lib,C2
ad-lib,C2
improvisational,C2
acrobatics,C2
acrobatically,C2
acrobatic,C2
arduous,C2
arduously,C2
counterproductive,C2
counterproductively,C2
proverbial,C2
instantaneous,C2
instantaneously,C2
mull over,C2
ruminate,C2
rumination,C2
ruminant,C2
ruminative,C2
hover,C2
apostle,C2
blubber,C2
blubbery,C2
trifle,C2
trifle,C2
eke out,C2
paramount,C2
squirm,C2
squirmy,C2
floe,C2
embodiment,C2
wistful,C2
wistfully,C2
mercantile,C2
skew,C2
subsist,C2
subsistence,C2
subsidize,C2
legion,C2
confrontational,C2
confrontationally,C2
bout,C2
gout,C2
hinder,C2
hindrance,C2
myriad,C2
histrionic,C2
histrionically,C2
marketability,C2
promotable,C2
tacit,C2
tacitly,C2
taciturn,C2
taciturnity,C2
surreptitious,C2
surreptitiously,C2
allegory,C2
allegorical,C2
seedy,C2
punitive,C2
punitively,C2
temper,C2
milieu,C2
unadulterated,C2
adulterate,C2
cogent,C2
cogently,C2
relegate,C2
incongruous,C2
incongruously,C2
incongruity,C2
deaden,C2
attuned,C2
attributive,C2
ecotourism,C2
farcical,C2
incise,C2
incipient,C2
echolocation,C2
echolocate,C2
reverb,C2
reverberation,C2
reverberate,C2
ingenuous,C2
ingenuously,C2
impresario,C2
elasticity,C2
salivary,C2
hypnotherapy,C2
remorseful,C2
remonstrate,C2
remonstrance,C2
unexcused,C2
unexceptionally,C2
unexceptional,C2
inexorable,C2
inexorably,C2
inexorability,C2
a.m.,A1
A.M.,A1
am,A1
AM,A1
acknowledgment,B1
acknowledgement,B1
adviser,B1
advisor,B1
agonize,B2
agonise,B2
airplane,A1
aeroplane,A1
aluminum,B2
analyze,B1
apologise,A2
archaeologist,B2
archeologist,B2
authorise,B2
ax,B2
axe,B2
backward,B2
behavior,A2
caf,A1
catalog,B2
categorization,B2
categorisation,B2
categorize,B1
categorise,B1
center,A2
centimeter,A2
centimetre,A2
characterise,B1
check-in counter,B1
check-in,B1
check-in desk,B1
check-in,B1
chili,A2
chilli,A2
civilisation,B1
color,A1
color,A1
colorful,A2
connexion,B1
counseling,B1
coziness,B2
cosiness,B2
cozy,B2
cosy,B2
criticise,A2
crystallize,B2
crystallise,B2
cybercafe,B2
cybercaf,B2
defense,B1
dehumanize,B2
dehumanise,B2
dialog,B1
diarrhea,B2
diarrhoea,B2
disc jockey,B1
disk jockey,B1
disorganized,B2
disorganised,B2
Dr.,A1
Dr,A1
draught,B2
driver's license,A2
driving licence,A2
easygoing,B1
easy-going,B1
e-mail,A1
E-mail,A1
encyclopedia,B1
encyclopaedia,B1
endeavor,B2
enroll,B2
familiarize,B2
familiarise,B2
favor,A2
favorable,B1
favorite,A1
favorite,A1
fiber,B2
flavor,B1
fulfill,B2
furor,B2
furore,B2
generalization,B2
generalisation,B2
generalize,B2
generalise,B2
glamorous,B2
glamourous,B2
gram,A2
gramme,A2
gray,A1
gray,A1
harbor,B1
heartwarming,B2
heart-warming,B2
high-tech,B2
hi-tech,B2
hip hop,A2
hip-hop,A2
hiphop,A2
honor,A2
honor,B2
honorable,B2
honourable,B2
hospitalize,B2
hospitalise,B2
humanize,B2
humanise,B2
humor,B1
idolize,B2
idolise,B2
industrialize,B2
industrialise,B2
inquire,B2
instal,B1
instill,B2
instil,B2
Internet,A1
italicize,B2
italicise,B2
gaol,B1
jeopardize,B2
jeopardise,B2
jeweler,B2
jeweller,B2
jewelry,A1
judgment,B1
kilogram,A2
kilogramme,A2
kilometer,A2
labor,A2
laborer,B2
labourer,B2
liter,A2
mama,B2
mamma,B2
marvelous,A2
marvellous,A2
math,A1
mechanize,B2
mechanise,B2
mediaeval,B2
memorize,B1
memorise,B1
meter,A2
micrometer,B2
micrometre,B2
millimeter,B2
millimetre,B2
minimise,B1
modal verb,B1
modal,B1
modernization,B2
modernisation,B2
modernize,B2
modernise,B2
mold,B2
mould,B2
mommy,A1
mommie,A1
Mr.,A1
Mr,A1
Mrs.,A1
Mrs,A1
Ms.,A2
Ms,A2
mustache,B2
moustache,B2
neighbor,A1
neighborhood,B1
neighboring,B2
netsurfer,B2
net surfer,B2
offense,B2
okay,A1
okay,A1
omelet,A2
omelette,A2
on to,B1
organisation,B1
organise,A2
organised,A2
organiser,B2
overemphasize,B2
overemphasise,B2
p.m.,A1
P.M.,A1
pm,A1
PM,A1
pajamas,B2
pyjamas,B2
paralyze,B1
paralyse,B1
penalize,B2
penalise,B2
penfriend,A2
pen friend,A2
percent,B1
popularize,B2
popularise,B2
publicize,B2
publicise,B2
realisation,B2
realise,A2
recognise,B1
reorganize,B2
reorganise,B2
revolutionize,B2
revolutionise,B2
rumor,A2
savings,B2
shorts,A2
skillful,B2
skilful,B2
skillfully,B2
skilfully,B2
socialize,B2
socialise,B2
specialise,B1
sports center,A2
sports centre,A2
sulfur,B2
sulphur,B2
summarise,B1
sympathize,B2
sympathise,B2
takeoff,B1
take-off,B1
theater,A1
toward,A2
traveler,A2
tee-shirt,A1
tumor,B2
tumour,B2
unauthorized,B2
unauthorised,B2
utilise,B2
vigor,B2
vigour,B2
well-organized,B2
well-organised,B2
whiskey,B2
whisky,B2
wornout,B2
worn out,B2
worn-out,B2
yogurt,A1
yoghurt,A1
favorably,C1
favourably,C1
scrutinize,C1
scrutinise,C1
harbor,C1
recognizable,C1
recognisable,C1
recognizably,C1
recognisably,C1
personalize,C1
personalise,C1
personalization,C1
personalisation,C1
somber,C1
sombre,C1
somberly,C1
sombrely,C1
maneuver,C1
manoeuvre,C1
maneuver,C1
manoeuvre,C1
characterization,C1
characterisation,C1
lackluster,C1
lacklustre,C1
appall,C1
appal,C1
neutralize,C1
neutralise,C1
neutralization,C1
neutralisation,C1
digitalize,C1
digitalise,C1
digitalization,C1
digitalisation,C1
utilization,C2
utilisation,C2
carbonize,C2
carbonise,C2
familiarize,C2
familiarise,C2
centralized,C2
centralised,C2
materialize,C2
materialise,C2
materialization,C2
materialisation,C2
stabilise,C2
maneuver,C2
manoeuvre,C2
maneuver,C2
manoeuvre,C2
mold,C2
mould,C2
paralyze,C2
paralyse,C2
paralyzingly,C2
paralysingly,C2
decentralize,C2
decentralise,C2
crystallize,C2
crystallise,C2
crystallization,C2
crystallisation,C2
computerize,C2
computerise,C2
meager,C2
meagre,C2
economize,C2
economise,C2
misdemeanor,C2
misdemanour,C2
tantalize,C2
tantalise,C2
tantalizingly,C2
tantalisingly,C2
ardor,C2
ardour,C2
armory,C2
armoury,C2
self-aggrandizement,C2
self-aggrandisement,C2
patronize,C2
patronise,C2
patronizing,C2
patronising,C2
patronizingly,C2
patronisingly,C2
tranquilize,C2
tranquilise,C2
